week,sentiment_mean,sentiment_std,subjectivity_mean,subjectivity_std,counting
2025-41,0.0051011028967022295,1.157893578039533,0.07823443455703646,1.3115571278643567,25.0
2025-42,-0.06997456983090625,0.8968477370457871,0.14263003821483167,1.0421200650982432,72.0
2025-43,0.041942929281216346,1.0179092322406567,0.07616530239457871,1.0403613303941073,77.0
2025-44,-0.05844097894508822,0.8543278100688335,-0.2394343451556518,0.5753637151058494,76.0
2025-45,0.11008268563230215,0.972271987537284,0.0003759082488155983,0.9176776022119326,51.0
