week,sentiment_mean,sentiment_std,subjectivity_mean,subjectivity_std,counting
2025-41,0.009254801972436688,1.1477426663162202,0.07662578264356827,1.3120987245060687,25.0
2025-42,-0.07000813461645011,0.893101952198736,0.13640771362964046,1.0336415193199113,72.0
2025-43,0.06348546774372923,1.0053490324747856,0.08297168136943821,1.0458785300082043,76.0
2025-44,-0.0636010854313354,0.8681257913092838,-0.2428742295001582,0.5746873147469294,76.0
2025-45,0.08795243375506588,0.9840543616621882,0.007808738863464888,0.9193461872263679,49.0
