week,sentiment_mean,sentiment_std,subjectivity_mean,subjectivity_std,counting
2025-41,1.000172088502839,0.019777337994157762,-0.4895509410757076,0.1861290115775543,2.0
2025-42,0.10099249374189355,0.7664369102240537,0.2236929789758183,0.9762111452209051,18.0
2025-43,-0.2574034258373509,0.6397231758025801,-0.07136948528726855,1.0559348053178392,13.0
2025-44,0.023202894975112187,0.9992753300164343,-0.020616487837377486,0.7701382232008805,11.0
2025-45,-0.07656932406483813,1.1838774958490423,-0.22299509629750944,0.4703494683455208,9.0
