week,sentiment_mean,sentiment_std,subjectivity_mean,subjectivity_std,counting
2025-41,0.03740489719242804,1.134694222730061,0.07174717742370726,1.2862373211358609,26.0
2025-42,-0.0327447497852053,0.8846490788954839,0.09899076253955573,1.0116767181465398,83.0
2025-43,0.014564584249999806,1.0069618292511648,0.07953616846629313,1.0594796845423091,82.0
2025-44,-0.08184237753188245,0.8519404203463861,-0.216826822606859,0.6561120137712851,86.0
2025-45,0.1334792367566912,1.0510584902254174,0.05695914170658212,0.9360085862691188,59.0
2025-46,-0.33041975211698144,0.4158376515497865,-0.47900618742984635,0.11586821400363743,2.0
