week,sentiment_mean,sentiment_std,subjectivity_mean,subjectivity_std,counting
2025-41,-0.07824384009308381,1.001436935229654,0.08839280388681298,1.3170750596735554,24.0
2025-42,-0.05331155604195652,0.9344459078706708,0.18370900967645315,1.1040323959468905,70.0
2025-43,0.08566016525269404,1.0119805187485473,0.011849730216670101,0.9340686222907825,58.0
2025-44,-0.048382742868207936,0.8458035885410686,-0.24146842035227753,0.5828784602979132,70.0
2025-45,0.07398181524541882,1.023630710055307,0.022705716121974546,0.9256915768240425,46.0
